Ins_url,JPG_url
https://www.instagram.com/Bp9N4-4ArVF/,https://instagram.com/p/Bp9N4-4ArVF/media/?size=t
https://www.instagram.com/Bp3N25TAz4y/,https://instagram.com/p/Bp3N25TAz4y/media/?size=t
https://www.instagram.com/BpynRvlAo30/,https://instagram.com/p/BpynRvlAo30/media/?size=t
https://www.instagram.com/BpyFwKIApEu/,https://instagram.com/p/BpyFwKIApEu/media/?size=t
https://www.instagram.com/Bo8IqjZD4H5/,https://instagram.com/p/Bo8IqjZD4H5/media/?size=t
https://www.instagram.com/Bo7KqMdDaBA/,https://instagram.com/p/Bo7KqMdDaBA/media/?size=t
https://www.instagram.com/BiWApptDSET/,https://instagram.com/p/BiWApptDSET/media/?size=t
https://www.instagram.com/BiM8AaEjr0q/,https://instagram.com/p/BiM8AaEjr0q/media/?size=t
https://www.instagram.com/BiHyX-NDJ9C/,https://instagram.com/p/BiHyX-NDJ9C/media/?size=t
https://www.instagram.com/Bh4SAyUDEoz/,https://instagram.com/p/Bh4SAyUDEoz/media/?size=t
https://www.instagram.com/BgolxKfgHg8/,https://instagram.com/p/BgolxKfgHg8/media/?size=t
https://www.instagram.com/BgWzF0ohu9s/,https://instagram.com/p/BgWzF0ohu9s/media/?size=t
https://www.instagram.com/BgR0U2tBmld/,https://instagram.com/p/BgR0U2tBmld/media/?size=t
https://www.instagram.com/BgPaLhyhHXD/,https://instagram.com/p/BgPaLhyhHXD/media/?size=t
https://www.instagram.com/BgNOIVlhcei/,https://instagram.com/p/BgNOIVlhcei/media/?size=t
https://www.instagram.com/BgCmhO6Ba-i/,https://instagram.com/p/BgCmhO6Ba-i/media/?size=t
https://www.instagram.com/Bf8V6nxjQUt/,https://instagram.com/p/Bf8V6nxjQUt/media/?size=t
https://www.instagram.com/Bf2URoPDeTl/,https://instagram.com/p/Bf2URoPDeTl/media/?size=t
https://www.instagram.com/BfeWd5VjDLI/,https://instagram.com/p/BfeWd5VjDLI/media/?size=t
https://www.instagram.com/BfSrBxkj2mo/,https://instagram.com/p/BfSrBxkj2mo/media/?size=t
https://www.instagram.com/BfNnB-xAoNw/,https://instagram.com/p/BfNnB-xAoNw/media/?size=t
https://www.instagram.com/BfK_gGijSpW/,https://instagram.com/p/BfK_gGijSpW/media/?size=t
https://www.instagram.com/BVtQQRpAc_s/,https://instagram.com/p/BVtQQRpAc_s/media/?size=t
https://www.instagram.com/BT-Ff8CD_5v/,https://instagram.com/p/BT-Ff8CD_5v/media/?size=t
https://www.instagram.com/BT9GhBbj_4T/,https://instagram.com/p/BT9GhBbj_4T/media/?size=t
https://www.instagram.com/BT7e_CMDI57/,https://instagram.com/p/BT7e_CMDI57/media/?size=t
https://www.instagram.com/BTcEUZNjEYw/,https://instagram.com/p/BTcEUZNjEYw/media/?size=t
https://www.instagram.com/BSFai6ljjG7/,https://instagram.com/p/BSFai6ljjG7/media/?size=t
https://www.instagram.com/BJia0NJBiKc/,https://instagram.com/p/BJia0NJBiKc/media/?size=t
https://www.instagram.com/BI_HpJwhKTM/,https://instagram.com/p/BI_HpJwhKTM/media/?size=t
https://www.instagram.com/BIvFZ56BxkG/,https://instagram.com/p/BIvFZ56BxkG/media/?size=t
https://www.instagram.com/BIn2YYUBGrw/,https://instagram.com/p/BIn2YYUBGrw/media/?size=t
https://www.instagram.com/BHl7k27Bcic/,https://instagram.com/p/BHl7k27Bcic/media/?size=t
https://www.instagram.com/BHFh1a2BlD4/,https://instagram.com/p/BHFh1a2BlD4/media/?size=t
https://www.instagram.com/BG1mpafP03f/,https://instagram.com/p/BG1mpafP03f/media/?size=t
https://www.instagram.com/BGwi_p_P01-/,https://instagram.com/p/BGwi_p_P01-/media/?size=t
https://www.instagram.com/BGKgL19v04R/,https://instagram.com/p/BGKgL19v04R/media/?size=t